domain,skill,month,job_count,total_jobs,demand_rate
Data Analytics,sql,2022-10-01,20,24,0.8333333333333334
Data Analytics,sql,2022-11-01,70,100,0.7
Data Analytics,sql,2022-12-01,69,98,0.7040816326530612
Data Analytics,sql,2023-01-01,49,79,0.620253164556962
Data Analytics,sql,2023-02-01,55,86,0.6395348837209303
Data Analytics,sql,2023-03-01,55,87,0.632183908045977
Data Analytics,sql,2023-04-01,52,92,0.5652173913043478
Data Analytics,sql,2023-05-01,48,85,0.5647058823529412
Data Analytics,sql,2023-06-01,53,90,0.5888888888888889
Data Analytics,sql,2023-07-01,52,80,0.65
Data Analytics,sql,2023-08-01,48,75,0.64
Data Analytics,sql,2023-09-01,56,81,0.691358024691358
Data Analytics,sql,2023-10-01,64,85,0.7529411764705882
Data Analytics,sql,2023-11-01,45,76,0.5921052631578947
Data Analytics,sql,2023-12-01,44,85,0.5176470588235295
Data Analytics,excel,2022-10-01,9,24,0.375
Data Analytics,excel,2022-11-01,46,100,0.46
Data Analytics,excel,2022-12-01,36,98,0.3673469387755102
Data Analytics,excel,2023-01-01,31,79,0.3924050632911392
Data Analytics,excel,2023-02-01,34,86,0.3953488372093023
Data Analytics,excel,2023-03-01,47,87,0.5402298850574713
Data Analytics,excel,2023-04-01,42,92,0.45652173913043476
Data Analytics,excel,2023-05-01,39,85,0.4588235294117647
Data Analytics,excel,2023-06-01,37,90,0.4111111111111111
Data Analytics,excel,2023-07-01,34,80,0.425
Data Analytics,excel,2023-08-01,35,75,0.4666666666666667
Data Analytics,excel,2023-09-01,35,81,0.43209876543209874
Data Analytics,excel,2023-10-01,29,85,0.3411764705882353
Data Analytics,excel,2023-11-01,31,76,0.40789473684210525
Data Analytics,excel,2023-12-01,37,85,0.43529411764705883
Data Analytics,python,2022-10-01,13,24,0.5416666666666666
Data Analytics,python,2022-11-01,29,100,0.29
Data Analytics,python,2022-12-01,24,98,0.24489795918367346
Data Analytics,python,2023-01-01,27,79,0.34177215189873417
Data Analytics,python,2023-02-01,31,86,0.36046511627906974
Data Analytics,python,2023-03-01,29,87,0.3333333333333333
Data Analytics,python,2023-04-01,36,92,0.391304347826087
Data Analytics,python,2023-05-01,38,85,0.4470588235294118
Data Analytics,python,2023-06-01,31,90,0.34444444444444444
Data Analytics,python,2023-07-01,30,80,0.375
Data Analytics,python,2023-08-01,37,75,0.49333333333333335
Data Analytics,python,2023-09-01,28,81,0.345679012345679
Data Analytics,python,2023-10-01,31,85,0.36470588235294116
Data Analytics,python,2023-11-01,27,76,0.35526315789473684
Data Analytics,python,2023-12-01,27,85,0.3176470588235294
Data Analytics,tableau,2022-10-01,5,24,0.20833333333333334
Data Analytics,tableau,2022-11-01,32,100,0.32
Data Analytics,tableau,2022-12-01,31,98,0.3163265306122449
Data Analytics,tableau,2023-01-01,24,79,0.3037974683544304
Data Analytics,tableau,2023-02-01,29,86,0.3372093023255814
Data Analytics,tableau,2023-03-01,24,87,0.27586206896551724
Data Analytics,tableau,2023-04-01,29,92,0.31521739130434784
Data Analytics,tableau,2023-05-01,21,85,0.24705882352941178
Data Analytics,tableau,2023-06-01,30,90,0.3333333333333333
Data Analytics,tableau,2023-07-01,33,80,0.4125
Data Analytics,tableau,2023-08-01,30,75,0.4
Data Analytics,tableau,2023-09-01,28,81,0.345679012345679
Data Analytics,tableau,2023-10-01,29,85,0.3411764705882353
Data Analytics,tableau,2023-11-01,24,76,0.3157894736842105
Data Analytics,tableau,2023-12-01,28,85,0.32941176470588235
Data Analytics,power bi,2022-10-01,7,24,0.2916666666666667
Data Analytics,power bi,2022-11-01,27,100,0.27
Data Analytics,power bi,2022-12-01,26,98,0.2653061224489796
Data Analytics,power bi,2023-01-01,17,79,0.21518987341772153
Data Analytics,power bi,2023-02-01,20,86,0.23255813953488372
Data Analytics,power bi,2023-03-01,21,87,0.2413793103448276
Data Analytics,power bi,2023-04-01,30,92,0.32608695652173914
Data Analytics,power bi,2023-05-01,21,85,0.24705882352941178
Data Analytics,power bi,2023-06-01,20,90,0.2222222222222222
Data Analytics,power bi,2023-07-01,20,80,0.25
Data Analytics,power bi,2023-08-01,17,75,0.22666666666666666
Data Analytics,power bi,2023-09-01,22,81,0.2716049382716049
Data Analytics,power bi,2023-10-01,19,85,0.2235294117647059
Data Analytics,power bi,2023-11-01,20,76,0.2631578947368421
Data Analytics,power bi,2023-12-01,22,85,0.25882352941176473
Data Analytics,azure,2022-10-01,4,24,0.16666666666666666
Data Analytics,azure,2022-11-01,8,100,0.08
Data Analytics,azure,2022-12-01,5,98,0.05102040816326531
Data Analytics,azure,2023-01-01,5,79,0.06329113924050633
Data Analytics,azure,2023-02-01,7,86,0.08139534883720931
Data Analytics,azure,2023-03-01,5,87,0.05747126436781609
Data Analytics,azure,2023-04-01,4,92,0.043478260869565216
Data Analytics,azure,2023-05-01,10,85,0.11764705882352941
Data Analytics,azure,2023-06-01,4,90,0.044444444444444446
Data Analytics,azure,2023-07-01,4,80,0.05
Data Analytics,azure,2023-08-01,5,75,0.06666666666666667
Data Analytics,azure,2023-09-01,4,81,0.04938271604938271
Data Analytics,azure,2023-10-01,4,85,0.047058823529411764
Data Analytics,azure,2023-11-01,1,76,0.013157894736842105
Data Analytics,azure,2023-12-01,4,85,0.047058823529411764
Data Analytics,aws,2022-10-01,4,24,0.16666666666666666
Data Analytics,aws,2022-11-01,5,100,0.05
Data Analytics,aws,2022-12-01,3,98,0.030612244897959183
Data Analytics,aws,2023-01-01,4,79,0.05063291139240506
Data Analytics,aws,2023-02-01,5,86,0.05813953488372093
Data Analytics,aws,2023-03-01,2,87,0.022988505747126436
Data Analytics,aws,2023-04-01,8,92,0.08695652173913043
Data Analytics,aws,2023-05-01,8,85,0.09411764705882353
Data Analytics,aws,2023-06-01,2,90,0.022222222222222223
Data Analytics,aws,2023-07-01,6,80,0.075
Data Analytics,aws,2023-08-01,8,75,0.10666666666666667
Data Analytics,aws,2023-09-01,5,81,0.06172839506172839
Data Analytics,aws,2023-10-01,7,85,0.08235294117647059
Data Analytics,aws,2023-11-01,4,76,0.05263157894736842
Data Analytics,aws,2023-12-01,3,85,0.03529411764705882
Data Analytics,javascript,2022-10-01,1,24,0.041666666666666664
Data Analytics,javascript,2022-11-01,5,100,0.05
Data Analytics,javascript,2022-12-01,2,98,0.02040816326530612
Data Analytics,javascript,2023-01-01,5,79,0.06329113924050633
Data Analytics,javascript,2023-02-01,4,86,0.046511627906976744
Data Analytics,javascript,2023-03-01,1,87,0.011494252873563218
Data Analytics,javascript,2023-04-01,1,92,0.010869565217391304
Data Analytics,javascript,2023-05-01,2,85,0.023529411764705882
Data Analytics,javascript,2023-06-01,3,90,0.03333333333333333
Data Analytics,javascript,2023-07-01,4,80,0.05
Data Analytics,javascript,2023-08-01,3,75,0.04
Data Analytics,javascript,2023-09-01,5,81,0.06172839506172839
Data Analytics,javascript,2023-10-01,3,85,0.03529411764705882
Data Analytics,javascript,2023-11-01,1,76,0.013157894736842105
Data Analytics,javascript,2023-12-01,3,85,0.03529411764705882
Data Analytics,machine learning,2022-10-01,4,24,0.16666666666666666
Data Analytics,machine learning,2022-11-01,4,100,0.04
Data Analytics,machine learning,2022-12-01,7,98,0.07142857142857142
Data Analytics,machine learning,2023-01-01,1,79,0.012658227848101266
Data Analytics,machine learning,2023-02-01,0,86,0.0
Data Analytics,machine learning,2023-03-01,1,87,0.011494252873563218
Data Analytics,machine learning,2023-04-01,2,92,0.021739130434782608
Data Analytics,machine learning,2023-05-01,2,85,0.023529411764705882
Data Analytics,machine learning,2023-06-01,1,90,0.011111111111111112
Data Analytics,machine learning,2023-07-01,1,80,0.0125
Data Analytics,machine learning,2023-08-01,3,75,0.04
Data Analytics,machine learning,2023-09-01,0,81,0.0
Data Analytics,machine learning,2023-10-01,0,85,0.0
Data Analytics,machine learning,2023-11-01,0,76,0.0
Data Analytics,machine learning,2023-12-01,1,85,0.011764705882352941
Data Analytics,gcp,2022-10-01,1,24,0.041666666666666664
Data Analytics,gcp,2022-11-01,0,100,0.0
Data Analytics,gcp,2022-12-01,2,98,0.02040816326530612
Data Analytics,gcp,2023-01-01,1,79,0.012658227848101266
Data Analytics,gcp,2023-02-01,2,86,0.023255813953488372
Data Analytics,gcp,2023-03-01,5,87,0.05747126436781609
Data Analytics,gcp,2023-04-01,3,92,0.03260869565217391
Data Analytics,gcp,2023-05-01,2,85,0.023529411764705882
Data Analytics,gcp,2023-06-01,4,90,0.044444444444444446
Data Analytics,gcp,2023-07-01,1,80,0.0125
Data Analytics,gcp,2023-08-01,0,75,0.0
Data Analytics,gcp,2023-09-01,4,81,0.04938271604938271
Data Analytics,gcp,2023-10-01,0,85,0.0
Data Analytics,gcp,2023-11-01,1,76,0.013157894736842105
Data Analytics,gcp,2023-12-01,1,85,0.011764705882352941
Data Analytics,java,2022-10-01,2,24,0.08333333333333333
Data Analytics,java,2022-11-01,4,100,0.04
Data Analytics,java,2022-12-01,1,98,0.01020408163265306
Data Analytics,java,2023-01-01,2,79,0.02531645569620253
Data Analytics,java,2023-02-01,5,86,0.05813953488372093
Data Analytics,java,2023-03-01,2,87,0.022988505747126436
Data Analytics,java,2023-04-01,2,92,0.021739130434782608
Data Analytics,java,2023-05-01,1,85,0.011764705882352941
Data Analytics,java,2023-06-01,1,90,0.011111111111111112
Data Analytics,java,2023-07-01,1,80,0.0125
Data Analytics,java,2023-08-01,2,75,0.02666666666666667
Data Analytics,java,2023-09-01,2,81,0.024691358024691357
Data Analytics,java,2023-10-01,4,85,0.047058823529411764
Data Analytics,java,2023-11-01,1,76,0.013157894736842105
Data Analytics,java,2023-12-01,2,85,0.023529411764705882
Data Analytics,pandas,2022-10-01,1,24,0.041666666666666664
Data Analytics,pandas,2022-11-01,4,100,0.04
Data Analytics,pandas,2022-12-01,1,98,0.01020408163265306
Data Analytics,pandas,2023-01-01,0,79,0.0
Data Analytics,pandas,2023-02-01,2,86,0.023255813953488372
Data Analytics,pandas,2023-03-01,2,87,0.022988505747126436
Data Analytics,pandas,2023-04-01,2,92,0.021739130434782608
Data Analytics,pandas,2023-05-01,1,85,0.011764705882352941
Data Analytics,pandas,2023-06-01,4,90,0.044444444444444446
Data Analytics,pandas,2023-07-01,0,80,0.0
Data Analytics,pandas,2023-08-01,5,75,0.06666666666666667
Data Analytics,pandas,2023-09-01,2,81,0.024691358024691357
Data Analytics,pandas,2023-10-01,3,85,0.03529411764705882
Data Analytics,pandas,2023-11-01,2,76,0.02631578947368421
Data Analytics,pandas,2023-12-01,2,85,0.023529411764705882
